{
  "config": {
    "epochs": 2,
    "tables": 1,
    "players_per_table": 4,
    "hands_per_table": 30,
    "starting_stack": 100,
    "small_blind": 1,
    "big_blind": 2,
    "strength_samples": 50,
    "learning_rate": 0.05,
    "seed": 42
  },
  "stats": {
    "hands": 240,
    "wins": 60,
    "total_reward": 0.0,
    "last_table_id": 0,
    "last_table_hands": 30,
    "last_winner": "",
    "last_epoch_seconds": 1.8181396249856334,
    "best_policy_id": "t0_p3",
    "best_policy_score": 0.35200000000000015
  },
  "policies": {
    "t0_p0": {
      "0;1;2;0;2;0": [
        0.20457183621492347,
        -0.4791756163443378,
        -0.27210172434845314,
        -0.21061203639789283
      ],
      "0;1;2;0;3;0": [
        0.3611029096666658,
        -1.197158680651739,
        -0.34001799827754975,
        0.18048121349632706
      ],
      "0;1;2;0;1;0": [
        -0.4458288127678295,
        0.10345548826579165,
        0.1461797512949844,
        -0.43938732592298635
      ],
      "0;1;2;0;5;0": [
        0.3989246365264746,
        -0.364923461660246,
        -0.25047026077707557,
        -0.39720637832821437
      ]
    },
    "t0_p1": {
      "0;1;2;0;2;0": [
        0.20457183621492347,
        -0.4791756163443378,
        -0.27210172434845314,
        -0.21061203639789283
      ],
      "0;1;2;0;3;0": [
        0.3611029096666658,
        -1.197158680651739,
        -0.34001799827754975,
        0.18048121349632706
      ],
      "0;1;2;0;1;0": [
        -0.4458288127678295,
        0.10345548826579165,
        0.1461797512949844,
        -0.43938732592298635
      ],
      "0;1;2;0;5;0": [
        0.3989246365264746,
        -0.364923461660246,
        -0.25047026077707557,
        -0.39720637832821437
      ]
    },
    "t0_p2": {
      "0;1;2;0;2;0": [
        0.20457183621492347,
        -0.4791756163443378,
        -0.27210172434845314,
        -0.21061203639789283
      ],
      "0;1;2;0;3;0": [
        0.3611029096666658,
        -1.197158680651739,
        -0.34001799827754975,
        0.18048121349632706
      ],
      "0;1;2;0;1;0": [
        -0.4458288127678295,
        0.10345548826579165,
        0.1461797512949844,
        -0.43938732592298635
      ],
      "0;1;2;0;5;0": [
        0.3989246365264746,
        -0.364923461660246,
        -0.25047026077707557,
        -0.39720637832821437
      ]
    },
    "t0_p3": {
      "0;1;2;0;2;0": [
        0.20457183621492347,
        -0.4791756163443378,
        -0.27210172434845314,
        -0.21061203639789283
      ],
      "0;1;2;0;3;0": [
        0.3611029096666658,
        -1.197158680651739,
        -0.34001799827754975,
        0.18048121349632706
      ],
      "0;1;2;0;1;0": [
        -0.4458288127678295,
        0.10345548826579165,
        0.1461797512949844,
        -0.43938732592298635
      ],
      "0;1;2;0;5;0": [
        0.3989246365264746,
        -0.364923461660246,
        -0.25047026077707557,
        -0.39720637832821437
      ]
    }
  },
  "started_at": 1768947973.4953651,
  "finished_at": 1768947978.31802
}