{
  "config": {
    "epochs": 1,
    "tables": 2,
    "players_per_table": 6,
    "hands_per_table": 3,
    "starting_stack": 200,
    "small_blind": 1,
    "big_blind": 2,
    "strength_samples": 50,
    "learning_rate": 0.05,
    "seed": 42
  },
  "stats": {
    "hands": 36,
    "wins": 6,
    "total_reward": 0.0,
    "last_table_id": 1,
    "last_table_hands": 3,
    "last_epoch_seconds": 0.1039303749857936,
    "best_policy_id": "t1_p1",
    "best_policy_score": 0.38600000000000007
  },
  "policies": {
    "t0_p0": {
      "0;0;3;0;4;0": [
        0.28688613062459556,
        0.3989132473125744,
        -0.16872501127286,
        0.028891419351921854
      ],
      "0;0;3;0;1;0": [
        0.28324017545109426,
        -0.31224685381195905,
        0.23765663031487205,
        -0.448902601974813
      ]
    },
    "t0_p1": {
      "0;3;3;0;3;0": [
        0.10448036395274929,
        0.4691744446258811,
        0.051969823708058804,
        -0.3866981320306203
      ]
    },
    "t0_p2": {
      "0;5;3;0;4;1": [
        -0.45865698551339784,
        0.46655494283828347,
        0.10186129639785846,
        -0.41635189683645113
      ],
      "0;5;3;0;1;1": [
        0.48012606340480946,
        0.3227345048605691,
        -0.11084918510270159,
        -0.4393076639002734
      ]
    },
    "t0_p3": {
      "0;3;3;0;3;0": [
        0.10448036395274929,
        0.4691744446258811,
        0.051969823708058804,
        -0.3866981320306203
      ]
    },
    "t0_p4": {
      "0;0;3;0;4;0": [
        0.28688613062459556,
        0.3989132473125744,
        -0.16872501127286,
        0.028891419351921854
      ],
      "0;0;3;0;1;0": [
        0.28324017545109426,
        -0.31224685381195905,
        0.23765663031487205,
        -0.448902601974813
      ]
    },
    "t0_p5": {
      "0;0;3;0;4;0": [
        0.28688613062459556,
        0.3989132473125744,
        -0.16872501127286,
        0.028891419351921854
      ],
      "0;0;3;0;1;0": [
        0.28324017545109426,
        -0.31224685381195905,
        0.23765663031487205,
        -0.448902601974813
      ]
    },
    "t1_p0": {
      "0;0;3;0;4;0": [
        0.28688613062459556,
        0.3989132473125744,
        -0.16872501127286,
        0.028891419351921854
      ],
      "0;0;3;0;1;0": [
        0.28324017545109426,
        -0.31224685381195905,
        0.23765663031487205,
        -0.448902601974813
      ]
    },
    "t1_p1": {
      "0;5;3;0;4;1": [
        -0.45865698551339784,
        0.46655494283828347,
        0.10186129639785846,
        -0.41635189683645113
      ],
      "0;5;3;0;1;1": [
        0.48012606340480946,
        0.3227345048605691,
        -0.11084918510270159,
        -0.4393076639002734
      ]
    },
    "t1_p2": {
      "0;0;3;0;4;0": [
        0.28688613062459556,
        0.3989132473125744,
        -0.16872501127286,
        0.028891419351921854
      ],
      "0;0;3;0;1;0": [
        0.28324017545109426,
        -0.31224685381195905,
        0.23765663031487205,
        -0.448902601974813
      ]
    },
    "t1_p3": {
      "0;3;3;0;3;0": [
        0.10448036395274929,
        0.4691744446258811,
        0.051969823708058804,
        -0.3866981320306203
      ]
    },
    "t1_p4": {
      "0;3;3;0;3;0": [
        0.10448036395274929,
        0.4691744446258811,
        0.051969823708058804,
        -0.3866981320306203
      ]
    },
    "t1_p5": {
      "0;5;3;0;4;1": [
        -0.45865698551339784,
        0.46655494283828347,
        0.10186129639785846,
        -0.41635189683645113
      ],
      "0;5;3;0;1;1": [
        0.48012606340480946,
        0.3227345048605691,
        -0.11084918510270159,
        -0.4393076639002734
      ]
    }
  },
  "started_at": 1768944812.5044448,
  "finished_at": 1768944814.393375
}