{
  "config": {
    "epochs": 1,
    "tables": 2,
    "players_per_table": 4,
    "hands_per_table": 5,
    "starting_stack": 200,
    "small_blind": 1,
    "big_blind": 2,
    "strength_samples": 50,
    "learning_rate": 0.05,
    "seed": 42
  },
  "stats": {
    "hands": 36,
    "wins": 9,
    "total_reward": 0.0,
    "last_table_id": 1,
    "last_table_hands": 5,
    "last_winner": "",
    "last_epoch_seconds": 0.11471012499532662,
    "best_policy_id": "t1_p1",
    "best_policy_score": 0.3820000000000001
  },
  "policies": {
    "t0_p0": {
      "0;3;3;0;1;0": [
        0.10448036395274929,
        0.4941744446258811,
        0.051969823708058804,
        -0.3866981320306203
      ],
      "0;3;3;0;2;0": [
        -0.22671841951302618,
        0.12251513149096441,
        -0.42644428847921845,
        0.20333826049902592
      ]
    },
    "t0_p1": {
      "0;3;3;0;1;0": [
        0.10448036395274929,
        0.4941744446258811,
        0.051969823708058804,
        -0.3866981320306203
      ],
      "0;3;3;0;2;0": [
        -0.22671841951302618,
        0.12251513149096441,
        -0.42644428847921845,
        0.20333826049902592
      ]
    },
    "t0_p2": {
      "0;2;3;0;2;0": [
        -0.4202080230763725,
        -0.24220911363896983,
        -0.3989985705902709,
        -0.22202639688990788
      ],
      "0;2;3;0;1;0": [
        0.09640903073197382,
        -0.09023268832549992,
        0.0958884283611281,
        -0.031950112215322735
      ],
      "0;2;3;0;3;0": [
        0.22821358844118267,
        0.3005925108616988,
        -0.390730967755196,
        -0.308409927858346
      ]
    },
    "t0_p3": {
      "0;3;3;0;1;0": [
        0.10448036395274929,
        0.4941744446258811,
        0.051969823708058804,
        -0.3866981320306203
      ],
      "0;3;3;0;2;0": [
        -0.22671841951302618,
        0.12251513149096441,
        -0.42644428847921845,
        0.20333826049902592
      ]
    },
    "t1_p0": {
      "0;2;3;0;2;0": [
        -0.4202080230763725,
        -0.24220911363896983,
        -0.3989985705902709,
        -0.22202639688990788
      ],
      "0;2;3;0;1;0": [
        0.09640903073197382,
        -0.09023268832549992,
        0.0958884283611281,
        -0.031950112215322735
      ],
      "0;2;3;0;3;0": [
        0.22821358844118267,
        0.3005925108616988,
        -0.390730967755196,
        -0.308409927858346
      ]
    },
    "t1_p1": {
      "0;2;3;0;2;0": [
        -0.4202080230763725,
        -0.24220911363896983,
        -0.3989985705902709,
        -0.22202639688990788
      ],
      "0;2;3;0;1;0": [
        0.09640903073197382,
        -0.09023268832549992,
        0.0958884283611281,
        -0.031950112215322735
      ],
      "0;2;3;0;3;0": [
        0.22821358844118267,
        0.3005925108616988,
        -0.390730967755196,
        -0.308409927858346
      ]
    },
    "t1_p2": {
      "0;3;3;0;1;0": [
        0.10448036395274929,
        0.4941744446258811,
        0.051969823708058804,
        -0.3866981320306203
      ],
      "0;3;3;0;2;0": [
        -0.22671841951302618,
        0.12251513149096441,
        -0.42644428847921845,
        0.20333826049902592
      ]
    },
    "t1_p3": {
      "0;3;3;0;1;0": [
        0.10448036395274929,
        0.4941744446258811,
        0.051969823708058804,
        -0.3866981320306203
      ],
      "0;3;3;0;2;0": [
        -0.22671841951302618,
        0.12251513149096441,
        -0.42644428847921845,
        0.20333826049902592
      ]
    }
  },
  "started_at": 1768948246.546808,
  "finished_at": 1768948247.8916612
}