{
  "config": {
    "epochs": 1,
    "tables": 2,
    "players_per_table": 6,
    "hands_per_table": 5,
    "starting_stack": 200,
    "small_blind": 1,
    "big_blind": 2,
    "strength_samples": 50,
    "learning_rate": 0.05,
    "seed": 42
  },
  "stats": {
    "hands": 54,
    "wins": 9,
    "total_reward": 0.0,
    "last_table_id": 1,
    "last_table_hands": 5,
    "last_epoch_seconds": 0.21008191700093448,
    "best_policy_id": "t1_p2",
    "best_policy_score": 0.38800000000000007
  },
  "policies": {
    "t0_p0": {
      "0;0;3;0;4;0": [
        0.28688613062459556,
        0.3989132473125744,
        -0.16872501127286,
        0.028891419351921854
      ],
      "0;0;3;0;1;0": [
        0.28324017545109426,
        -0.31224685381195905,
        0.23765663031487205,
        -0.448902601974813
      ],
      "0;0;3;0;2;0": [
        -0.4910553419935999,
        0.24260216717908398,
        -0.01848070458837059,
        -0.4237365179714263
      ]
    },
    "t0_p1": {
      "0;1;3;0;1;0": [
        -0.4202080230763725,
        -0.29220911363896984,
        -0.3989985705902709,
        -0.22202639688990788
      ],
      "0;1;3;0;3;0": [
        0.08830871845723332,
        -0.269885267403423,
        -0.2797826155484405,
        -0.42900691399096746
      ]
    },
    "t0_p2": {
      "0;3;3;0;1;0": [
        -0.23302217795088664,
        0.436654587712494,
        0.14803538524659354,
        0.10913100566698819
      ],
      "0;3;3;0;3;0": [
        0.37585294037819406,
        -0.23661094924890924,
        0.0005861130502983203,
        -0.32134811946986863
      ]
    },
    "t0_p3": {
      "0;3;3;0;1;0": [
        -0.23302217795088664,
        0.436654587712494,
        0.14803538524659354,
        0.10913100566698819
      ],
      "0;3;3;0;3;0": [
        0.37585294037819406,
        -0.23661094924890924,
        0.0005861130502983203,
        -0.32134811946986863
      ]
    },
    "t0_p4": {
      "0;3;3;0;1;0": [
        -0.23302217795088664,
        0.436654587712494,
        0.14803538524659354,
        0.10913100566698819
      ],
      "0;3;3;0;3;0": [
        0.37585294037819406,
        -0.23661094924890924,
        0.0005861130502983203,
        -0.32134811946986863
      ]
    },
    "t0_p5": {
      "0;3;3;0;1;0": [
        -0.23302217795088664,
        0.436654587712494,
        0.14803538524659354,
        0.10913100566698819
      ],
      "0;3;3;0;3;0": [
        0.37585294037819406,
        -0.23661094924890924,
        0.0005861130502983203,
        -0.32134811946986863
      ]
    },
    "t1_p0": {
      "0;0;3;0;4;0": [
        0.28688613062459556,
        0.3989132473125744,
        -0.16872501127286,
        0.028891419351921854
      ],
      "0;0;3;0;1;0": [
        0.28324017545109426,
        -0.31224685381195905,
        0.23765663031487205,
        -0.448902601974813
      ],
      "0;0;3;0;2;0": [
        -0.4910553419935999,
        0.24260216717908398,
        -0.01848070458837059,
        -0.4237365179714263
      ]
    },
    "t1_p1": {
      "0;0;3;0;4;0": [
        0.28688613062459556,
        0.3989132473125744,
        -0.16872501127286,
        0.028891419351921854
      ],
      "0;0;3;0;1;0": [
        0.28324017545109426,
        -0.31224685381195905,
        0.23765663031487205,
        -0.448902601974813
      ],
      "0;0;3;0;2;0": [
        -0.4910553419935999,
        0.24260216717908398,
        -0.01848070458837059,
        -0.4237365179714263
      ]
    },
    "t1_p2": {
      "0;3;3;0;1;0": [
        -0.23302217795088664,
        0.436654587712494,
        0.14803538524659354,
        0.10913100566698819
      ],
      "0;3;3;0;3;0": [
        0.37585294037819406,
        -0.23661094924890924,
        0.0005861130502983203,
        -0.32134811946986863
      ]
    },
    "t1_p3": {
      "0;1;3;0;1;0": [
        -0.4202080230763725,
        -0.29220911363896984,
        -0.3989985705902709,
        -0.22202639688990788
      ],
      "0;1;3;0;3;0": [
        0.08830871845723332,
        -0.269885267403423,
        -0.2797826155484405,
        -0.42900691399096746
      ]
    },
    "t1_p4": {
      "0;1;3;0;1;0": [
        -0.4202080230763725,
        -0.29220911363896984,
        -0.3989985705902709,
        -0.22202639688990788
      ],
      "0;1;3;0;3;0": [
        0.08830871845723332,
        -0.269885267403423,
        -0.2797826155484405,
        -0.42900691399096746
      ]
    },
    "t1_p5": {
      "0;3;3;0;1;0": [
        -0.23302217795088664,
        0.436654587712494,
        0.14803538524659354,
        0.10913100566698819
      ],
      "0;3;3;0;3;0": [
        0.37585294037819406,
        -0.23661094924890924,
        0.0005861130502983203,
        -0.32134811946986863
      ]
    }
  },
  "started_at": 1768944473.019524,
  "finished_at": 1768944474.992985
}