{
  "config": {
    "epochs": 6,
    "tables": 2,
    "players_per_table": 3,
    "hands_per_table": 15,
    "starting_stack": 200,
    "small_blind": 1,
    "big_blind": 2,
    "strength_samples": 50,
    "learning_rate": 0.05,
    "seed": 42
  },
  "stats": {
    "hands": 453,
    "wins": 151,
    "total_reward": 0.0,
    "last_table_id": 0,
    "last_table_hands": 15,
    "last_winner": "",
    "last_epoch_seconds": 0.755927124992013,
    "best_policy_id": "t0_p2",
    "best_policy_score": 0.5271072796934866,
    "best_policy_epoch": 6
  },
  "policies": {
    "t0_p0": {
      "0;0;3;0;3;1": [
        0.32940466425299486,
        0.19351975236424607,
        0.36170690031077724,
        0.07735214525676204
      ],
      "0;0;3;0;1;1": [
        0.497325777989161,
        -0.18666825510914414,
        -0.006484165110368978,
        0.2557821575337378
      ],
      "0;0;3;0;2;1": [
        -0.4906845431157536,
        -0.05384074450690719,
        0.06299364563894605,
        -0.4000187510754115
      ],
      "0;0;3;0;5;1": [
        0.05441247766679369,
        -0.38315990700985253,
        0.1649294342127715,
        -0.12085472287745824
      ],
      "0;1;3;0;1;0": [
        -0.33758987902269155,
        -0.08867540527976328,
        0.12044795501346872,
        -0.08486646250094376
      ],
      "0;1;3;0;3;0": [
        -0.2742270910464427,
        -0.35609964640678604,
        0.11695742763796046,
        0.4203976538340367
      ],
      "0;1;3;0;4;0": [
        0.38769183531231666,
        0.002430146391742105,
        0.4643826216037297,
        -0.025139769606592477
      ],
      "0;2;3;0;3;1": [
        0.20180966684318125,
        0.1440189798526679,
        0.18699431570146519,
        -0.007665864964523483
      ],
      "0;2;3;0;2;1": [
        -0.45136745286987545,
        -0.4724664844287645,
        0.15074612982718916,
        -0.1385830726778624
      ],
      "0;2;3;0;1;1": [
        -0.2664789983707685,
        0.3152731303897383,
        0.06418111668657211,
        -0.05718075412379786
      ],
      "0;2;3;0;5;1": [
        0.19384894163797217,
        0.44491928017936416,
        0.17995517634179037,
        0.21874062456996712
      ]
    },
    "t0_p1": {
      "0;0;3;0;3;1": [
        0.32940466425299486,
        0.19351975236424607,
        0.36170690031077724,
        0.07735214525676204
      ],
      "0;0;3;0;1;1": [
        0.497325777989161,
        -0.18666825510914414,
        -0.006484165110368978,
        0.2557821575337378
      ],
      "0;0;3;0;2;1": [
        -0.4906845431157536,
        -0.05384074450690719,
        0.06299364563894605,
        -0.4000187510754115
      ],
      "0;0;3;0;5;1": [
        0.05441247766679369,
        -0.38315990700985253,
        0.1649294342127715,
        -0.12085472287745824
      ],
      "0;1;3;0;1;0": [
        -0.33758987902269155,
        -0.08867540527976328,
        0.12044795501346872,
        -0.08486646250094376
      ],
      "0;1;3;0;3;0": [
        -0.2742270910464427,
        -0.35609964640678604,
        0.11695742763796046,
        0.4203976538340367
      ],
      "0;1;3;0;4;0": [
        0.38769183531231666,
        0.002430146391742105,
        0.4643826216037297,
        -0.025139769606592477
      ],
      "0;2;3;0;3;1": [
        0.20180966684318125,
        0.1440189798526679,
        0.18699431570146519,
        -0.007665864964523483
      ],
      "0;2;3;0;2;1": [
        -0.45136745286987545,
        -0.4724664844287645,
        0.15074612982718916,
        -0.1385830726778624
      ],
      "0;2;3;0;1;1": [
        -0.2664789983707685,
        0.3152731303897383,
        0.06418111668657211,
        -0.05718075412379786
      ],
      "0;2;3;0;5;1": [
        0.19384894163797217,
        0.44491928017936416,
        0.17995517634179037,
        0.21874062456996712
      ]
    },
    "t0_p2": {
      "0;0;3;0;3;1": [
        0.32940466425299486,
        0.19351975236424607,
        0.36170690031077724,
        0.07735214525676204
      ],
      "0;0;3;0;1;1": [
        0.497325777989161,
        -0.18666825510914414,
        -0.006484165110368978,
        0.2557821575337378
      ],
      "0;0;3;0;2;1": [
        -0.4906845431157536,
        -0.05384074450690719,
        0.06299364563894605,
        -0.4000187510754115
      ],
      "0;0;3;0;5;1": [
        0.05441247766679369,
        -0.38315990700985253,
        0.1649294342127715,
        -0.12085472287745824
      ],
      "0;1;3;0;1;0": [
        -0.33758987902269155,
        -0.08867540527976328,
        0.12044795501346872,
        -0.08486646250094376
      ],
      "0;1;3;0;3;0": [
        -0.2742270910464427,
        -0.35609964640678604,
        0.11695742763796046,
        0.4203976538340367
      ],
      "0;1;3;0;4;0": [
        0.38769183531231666,
        0.002430146391742105,
        0.4643826216037297,
        -0.025139769606592477
      ],
      "0;2;3;0;3;1": [
        0.20180966684318125,
        0.1440189798526679,
        0.18699431570146519,
        -0.007665864964523483
      ],
      "0;2;3;0;2;1": [
        -0.45136745286987545,
        -0.4724664844287645,
        0.15074612982718916,
        -0.1385830726778624
      ],
      "0;2;3;0;1;1": [
        -0.2664789983707685,
        0.3152731303897383,
        0.06418111668657211,
        -0.05718075412379786
      ],
      "0;2;3;0;5;1": [
        0.19384894163797217,
        0.44491928017936416,
        0.17995517634179037,
        0.21874062456996712
      ]
    },
    "t1_p0": {
      "0;0;3;0;3;1": [
        0.32940466425299486,
        0.19351975236424607,
        0.36170690031077724,
        0.07735214525676204
      ],
      "0;0;3;0;1;1": [
        0.497325777989161,
        -0.18666825510914414,
        -0.006484165110368978,
        0.2557821575337378
      ],
      "0;0;3;0;2;1": [
        -0.4906845431157536,
        -0.05384074450690719,
        0.06299364563894605,
        -0.4000187510754115
      ],
      "0;0;3;0;5;1": [
        0.05441247766679369,
        -0.38315990700985253,
        0.1649294342127715,
        -0.12085472287745824
      ],
      "0;1;3;0;1;0": [
        -0.33758987902269155,
        -0.08867540527976328,
        0.12044795501346872,
        -0.08486646250094376
      ],
      "0;1;3;0;3;0": [
        -0.2742270910464427,
        -0.35609964640678604,
        0.11695742763796046,
        0.4203976538340367
      ],
      "0;1;3;0;4;0": [
        0.38769183531231666,
        0.002430146391742105,
        0.4643826216037297,
        -0.025139769606592477
      ],
      "0;2;3;0;3;1": [
        0.20180966684318125,
        0.1440189798526679,
        0.18699431570146519,
        -0.007665864964523483
      ],
      "0;2;3;0;2;1": [
        -0.45136745286987545,
        -0.4724664844287645,
        0.15074612982718916,
        -0.1385830726778624
      ],
      "0;2;3;0;1;1": [
        -0.2664789983707685,
        0.3152731303897383,
        0.06418111668657211,
        -0.05718075412379786
      ],
      "0;2;3;0;5;1": [
        0.19384894163797217,
        0.44491928017936416,
        0.17995517634179037,
        0.21874062456996712
      ]
    },
    "t1_p1": {
      "0;0;3;0;3;1": [
        0.32940466425299486,
        0.19351975236424607,
        0.36170690031077724,
        0.07735214525676204
      ],
      "0;0;3;0;1;1": [
        0.497325777989161,
        -0.18666825510914414,
        -0.006484165110368978,
        0.2557821575337378
      ],
      "0;0;3;0;2;1": [
        -0.4906845431157536,
        -0.05384074450690719,
        0.06299364563894605,
        -0.4000187510754115
      ],
      "0;0;3;0;5;1": [
        0.05441247766679369,
        -0.38315990700985253,
        0.1649294342127715,
        -0.12085472287745824
      ],
      "0;1;3;0;1;0": [
        -0.33758987902269155,
        -0.08867540527976328,
        0.12044795501346872,
        -0.08486646250094376
      ],