{
  "config": {
    "epochs": 1,
    "tables": 2,
    "players_per_table": 6,
    "hands_per_table": 5,
    "starting_stack": 200,
    "small_blind": 1,
    "big_blind": 2,
    "strength_samples": 50,
    "learning_rate": 0.05,
    "seed": 42
  },
  "stats": {
    "hands": 60,
    "wins": 10,
    "total_reward": 0.0,
    "last_table_id": 0,
    "last_table_hands": 5,
    "last_epoch_seconds": 0.21191470802295953,
    "best_policy_id": "t0_p4",
    "best_policy_score": 0.3880000000000001
  },
  "policies": {
    "t1_p0": {
      "0;2;3;0;3;0": [
        -0.44990275147269365,
        0.09140833667015313,
        -0.13194787704729816,
        -0.3139920110115272
      ],
      "0;2;3;0;1;0": [
        -0.39234795669546074,
        0.22294363532651285,
        -0.05197463408844205,
        -0.41234360873092846
      ]
    },
    "t1_p1": {
      "0;3;3;0;3;0": [
        0.10448036395274929,
        0.4691744446258811,
        0.051969823708058804,
        -0.3866981320306203
      ]
    },
    "t1_p2": {
      "0;2;3;0;3;0": [
        -0.44990275147269365,
        0.09140833667015313,
        -0.13194787704729816,
        -0.3139920110115272
      ],
      "0;2;3;0;1;0": [
        -0.39234795669546074,
        0.22294363532651285,
        -0.05197463408844205,
        -0.41234360873092846
      ]
    },
    "t1_p3": {
      "0;3;3;0;3;0": [
        0.10448036395274929,
        0.4691744446258811,
        0.051969823708058804,
        -0.3866981320306203
      ]
    },
    "t1_p4": {
      "0;2;3;0;3;0": [
        -0.44990275147269365,
        0.09140833667015313,
        -0.13194787704729816,
        -0.3139920110115272
      ],
      "0;2;3;0;1;0": [
        -0.39234795669546074,
        0.22294363532651285,
        -0.05197463408844205,
        -0.41234360873092846
      ]
    },
    "t1_p5": {
      "0;3;3;0;3;0": [
        0.10448036395274929,
        0.4691744446258811,
        0.051969823708058804,
        -0.3866981320306203
      ]
    },
    "t0_p0": {
      "0;2;3;0;3;0": [
        -0.44990275147269365,
        0.09140833667015313,
        -0.13194787704729816,
        -0.3139920110115272
      ],
      "0;2;3;0;1;0": [
        -0.39234795669546074,
        0.22294363532651285,
        -0.05197463408844205,
        -0.41234360873092846
      ]
    },
    "t0_p1": {
      "0;1;3;0;1;0": [
        -0.4202080230763725,
        -0.29220911363896984,
        -0.3989985705902709,
        -0.22202639688990788
      ],
      "0;1;3;0;3;0": [
        0.08830871845723332,
        -0.269885267403423,
        -0.2797826155484405,
        -0.42900691399096746
      ]
    },
    "t0_p2": {
      "0;1;3;0;1;0": [
        -0.4202080230763725,
        -0.29220911363896984,
        -0.3989985705902709,
        -0.22202639688990788
      ],
      "0;1;3;0;3;0": [
        0.08830871845723332,
        -0.269885267403423,
        -0.2797826155484405,
        -0.42900691399096746
      ]
    },
    "t0_p3": {
      "0;3;3;0;3;0": [
        0.10448036395274929,
        0.4691744446258811,
        0.051969823708058804,
        -0.3866981320306203
      ]
    },
    "t0_p4": {
      "0;2;3;0;3;0": [
        -0.44990275147269365,
        0.09140833667015313,
        -0.13194787704729816,
        -0.3139920110115272
      ],
      "0;2;3;0;1;0": [
        -0.39234795669546074,
        0.22294363532651285,
        -0.05197463408844205,
        -0.41234360873092846
      ]
    },
    "t0_p5": {
      "0;2;3;0;3;0": [
        -0.44990275147269365,
        0.09140833667015313,
        -0.13194787704729816,
        -0.3139920110115272
      ],
      "0;2;3;0;1;0": [
        -0.39234795669546074,
        0.22294363532651285,
        -0.05197463408844205,
        -0.41234360873092846
      ]
    }
  },
  "started_at": 1768944795.442524,
  "finished_at": 1768944797.4171789
}