{
  "config": {
    "epochs": 1,
    "tables": 2,
    "players_per_table": 6,
    "hands_per_table": 5,
    "starting_stack": 200,
    "small_blind": 1,
    "big_blind": 2,
    "strength_samples": 50,
    "learning_rate": 0.05,
    "seed": 42
  },
  "stats": {
    "hands": 54,
    "wins": 9,
    "total_reward": 0.0,
    "last_table_id": 1,
    "last_table_hands": 5,
    "last_epoch_seconds": 0.20921075000660494,
    "best_policy_id": "t0_p2",
    "best_policy_score": 0.38800000000000007
  },
  "policies": {
    "t1_p0": {
      "0;5;3;0;1;1": [
        0.48952335063659524,
        0.16499975985409285,
        0.05694974377464623,
        0.1846142509898746
      ],
      "0;5;3;0;3;1": [
        0.4126278393448205,
        0.3705185698367669,
        -0.2015552085513671,
        0.13894949486600516
      ]
    },
    "t1_p1": {
      "0;1;3;0;3;1": [
        0.20115514426521397,
        -0.3581816857580986,
        0.34835971206539496,
        0.28086527675049056
      ],
      "0;1;3;0;4;1": [
        -0.26657453210041016,
        -0.2000848857914268,
        -0.15460003027480407,
        0.2765958027282571
      ],
      "0;1;3;0;1;1": [
        0.1993464003202482,
        -0.22671841951302618,
        0.1475151314909644,
        -0.42644428847921845
      ]
    },
    "t1_p2": {
      "0;3;3;0;3;0": [
        0.10448036395274929,
        0.4691744446258811,
        0.051969823708058804,
        -0.3866981320306203
      ]
    },
    "t1_p3": {
      "0;3;3;0;3;0": [
        0.10448036395274929,
        0.4691744446258811,
        0.051969823708058804,
        -0.3866981320306203
      ]
    },
    "t1_p4": {
      "0;1;3;0;3;1": [
        0.20115514426521397,
        -0.3581816857580986,
        0.34835971206539496,
        0.28086527675049056
      ],
      "0;1;3;0;4;1": [
        -0.26657453210041016,
        -0.2000848857914268,
        -0.15460003027480407,
        0.2765958027282571
      ],
      "0;1;3;0;1;1": [
        0.1993464003202482,
        -0.22671841951302618,
        0.1475151314909644,
        -0.42644428847921845
      ]
    },
    "t1_p5": {
      "0;1;3;0;3;1": [
        0.20115514426521397,
        -0.3581816857580986,
        0.34835971206539496,
        0.28086527675049056
      ],
      "0;1;3;0;4;1": [
        -0.26657453210041016,
        -0.2000848857914268,
        -0.15460003027480407,
        0.2765958027282571
      ],
      "0;1;3;0;1;1": [
        0.1993464003202482,
        -0.22671841951302618,
        0.1475151314909644,
        -0.42644428847921845
      ]
    },
    "t0_p0": {
      "0;1;3;0;3;1": [
        0.20115514426521397,
        -0.3581816857580986,
        0.34835971206539496,
        0.28086527675049056
      ],
      "0;1;3;0;4;1": [
        -0.26657453210041016,
        -0.2000848857914268,
        -0.15460003027480407,
        0.2765958027282571
      ],
      "0;1;3;0;1;1": [
        0.1993464003202482,
        -0.22671841951302618,
        0.1475151314909644,
        -0.42644428847921845
      ]
    },
    "t0_p1": {
      "0;3;3;0;3;0": [
        0.10448036395274929,
        0.4691744446258811,
        0.051969823708058804,
        -0.3866981320306203
      ]
    },
    "t0_p2": {
      "0;3;3;0;3;0": [
        0.10448036395274929,
        0.4691744446258811,
        0.051969823708058804,
        -0.3866981320306203
      ]
    },
    "t0_p3": {
      "0;3;3;0;3;0": [
        0.10448036395274929,
        0.4691744446258811,
        0.051969823708058804,
        -0.3866981320306203
      ]
    },
    "t0_p4": {
      "0;1;3;0;3;1": [
        0.20115514426521397,
        -0.3581816857580986,
        0.34835971206539496,
        0.28086527675049056
      ],
      "0;1;3;0;4;1": [
        -0.26657453210041016,
        -0.2000848857914268,
        -0.15460003027480407,
        0.2765958027282571
      ],
      "0;1;3;0;1;1": [
        0.1993464003202482,
        -0.22671841951302618,
        0.1475151314909644,
        -0.42644428847921845
      ]
    },
    "t0_p5": {
      "0;5;3;0;1;1": [
        0.48952335063659524,
        0.16499975985409285,
        0.05694974377464623,
        0.1846142509898746
      ],
      "0;5;3;0;3;1": [
        0.4126278393448205,
        0.3705185698367669,
        -0.2015552085513671,
        0.13894949486600516
      ]
    }
  },
  "started_at": 1768943951.871834,
  "finished_at": 1768943953.8459342
}