{
  "config": {
    "epochs": 1,
    "tables": 1,
    "players_per_table": 3,
    "hands_per_table": 10,
    "starting_stack": 200,
    "small_blind": 1,
    "big_blind": 2,
    "strength_samples": 50,
    "learning_rate": 0.05,
    "seed": 42
  },
  "stats": {
    "hands": 30,
    "wins": 10,
    "total_reward": 0.0,
    "last_table_id": 0,
    "last_table_hands": 10,
    "last_winner": "",
    "last_epoch_seconds": 0.40991320900502615,
    "best_policy_id": "t0_p2",
    "best_policy_score": 0.32800000000000007
  },
  "policies": {
    "t0_p0": {
      "0;2;3;0;2;0": [
        -0.4202080230763725,
        -0.24220911363896983,
        -0.3989985705902709,
        -0.22202639688990788
      ],
      "0;2;3;0;3;0": [
        0.3611029096666658,
        -0.34715868065173894,
        -0.34001799827754975,
        0.18048121349632706
      ],
      "0;2;3;0;1;0": [
        0.1597508227473674,
        0.4718486797049909,
        -0.33487304102587234,
        0.027673787418253992
      ],
      "0;2;3;0;5;0": [
        0.2953454991528618,
        -0.29740451259222966,
        -0.4763355652985485,
        -0.30687021167229134
      ]
    },
    "t0_p1": {
      "0;2;3;0;2;0": [
        -0.4202080230763725,
        -0.24220911363896983,
        -0.3989985705902709,
        -0.22202639688990788
      ],
      "0;2;3;0;3;0": [
        0.3611029096666658,
        -0.34715868065173894,
        -0.34001799827754975,
        0.18048121349632706
      ],
      "0;2;3;0;1;0": [
        0.1597508227473674,
        0.4718486797049909,
        -0.33487304102587234,
        0.027673787418253992
      ],
      "0;2;3;0;5;0": [
        0.2953454991528618,
        -0.29740451259222966,
        -0.4763355652985485,
        -0.30687021167229134
      ]
    },
    "t0_p2": {
      "0;2;3;0;2;0": [
        -0.4202080230763725,
        -0.24220911363896983,
        -0.3989985705902709,
        -0.22202639688990788
      ],
      "0;2;3;0;3;0": [
        0.3611029096666658,
        -0.34715868065173894,
        -0.34001799827754975,
        0.18048121349632706
      ],
      "0;2;3;0;1;0": [
        0.1597508227473674,
        0.4718486797049909,
        -0.33487304102587234,
        0.027673787418253992
      ],
      "0;2;3;0;5;0": [
        0.2953454991528618,
        -0.29740451259222966,
        -0.4763355652985485,
        -0.30687021167229134
      ]
    }
  },
  "started_at": 1768945589.917635,
  "finished_at": 1768945590.903915
}